"id","user_id","question","answer","type","answer_type","create_time","session_id"
1,1,你好呀，请问如何保持良好的作息呢,"你好！保持良好的作息对身体健康和精神状态都非常重要。以下是一些建议，帮助你建立和维持良好的作息习惯：

1. **固定作息时间**：尽量每天在同一时间上床睡觉和起床，即使在周末也保持一致。这有助于调节你的生物钟。

2. **睡前放松**：睡前1小时避免使用电子设备，如手机、电脑等。可以尝试阅读、冥想或听轻音乐来放松身心。

3. **避免刺激性食物和饮料**：睡前避免摄入咖啡因、酒精和尼古丁等刺激性物质，它们可能会影响你的睡眠质量。

4. **适度运动**：每天进行适量的运动，如散步、跑步或瑜伽，有助于提高睡眠质量。但避免在睡前2小时内进行剧烈运动。

5. **营造舒适的睡眠环境**：确保卧室安静、黑暗、凉爽，并且床铺舒适。使用遮光窗帘、耳塞或白噪音机来改善睡眠环境。

6. **控制日间小睡**：如果需要小睡，尽量控制在20-30分钟内，避免长时间小睡影响夜间睡眠。

7. **规律饮食**：保持规律的饮食时间，避免在睡前2小时内吃大餐或高糖食物。

8. **管理压力**：学会管理日常生活中的压力，可以通过写日记、与朋友交流或进行放松练习来缓解压力。

9. **避免过度思考**：如果躺在床上难以入睡，不要强迫自己入睡。可以起床做一些轻松的活动，直到感到困倦再回到床上。

10. **寻求专业帮助**：如果长期存在睡眠问题，建议咨询医生或睡眠专家，寻求专业建议和治疗。

希望这些建议对你有所帮助！如果你有其他问题或需要进一步的建议，随时告诉我。😊",1,1,"2025-03-20 23:12:22",1
2,1,如何安排自己面对电子屏幕的时间呢,"合理安排面对电子屏幕的时间对保护视力和整体健康非常重要。以下是一些建议，帮助你更好地管理屏幕时间：

### 1. **遵循20-20-20规则**
   - **每20分钟**：将视线从屏幕上移开，看向至少20英尺（约6米）远的地方，持续20秒。这有助于减轻眼睛疲劳。

### 2. **设定屏幕时间限制**
   - **工作日**：尽量将每天的屏幕时间控制在合理范围内，例如工作或学习时每1-2小时休息10-15分钟。
   - **休息日**：减少不必要的屏幕使用，尤其是娱乐性质的屏幕时间，如社交媒体、视频游戏等。

### 3. **使用蓝光过滤工具**
   - **蓝光过滤眼镜**：佩戴蓝光过滤眼镜可以减少屏幕发出的有害蓝光对眼睛的伤害。
   - **软件工具**：使用电脑和手机上的蓝光过滤软件，如f.lux或Night Shift模式，减少蓝光对睡眠的影响。

### 4. **调整屏幕亮度和对比度**
   - **亮度**：将屏幕亮度调整到与周围环境光线相匹配的水平，避免过亮或过暗。
   - **对比度**：适当调整对比度，使文字和图像清晰易读，减少眼睛疲劳。

### 5. **保持正确的坐姿和屏幕距离**
   - **距离**：保持屏幕与眼睛之间的距离在50-70厘米之间，屏幕顶部与眼睛平齐或略低。
   - **坐姿**：保持背部挺直，双脚平放在地面上，避免长时间弯腰或低头。

### 6. **定期进行眼保健操**
   - **眼保健操**：每天进行几次眼保健操，帮助放松眼部肌肉，改善血液循环。

### 7. **安排户外活动**
   - **户外活动**：每天安排一定时间的户外活动，如散步、跑步或骑自行车，有助于缓解眼睛疲劳和改善整体健康。

### 8. **设定无屏幕时间**
   - **无屏幕时间**：每天设定一段无屏幕时间，例如晚餐后1小时或睡前1小时，专注于其他活动，如阅读、运动或与家人交流。

### 9. **使用提醒工具**
   - **提醒工具**：使用手机或电脑上的提醒工具，定时提醒你休息和活动，避免长时间连续使用屏幕。

### 10. **培养其他兴趣爱好**
   - **兴趣爱好**：培养一些不依赖电子设备的兴趣爱好，如绘画、手工、音乐等，丰富生活内容，减少对屏幕的依赖。

希望这些建议能帮助你更好地管理屏幕时间，保护视力和健康。如果你有其他问题或需要进一步的建议，随时告诉我！😊",1,1,"2025-03-20 23:13:46",1
3,1,macos 如何做端口映射,"在 macOS 上，你可以使用 `pf`（Packet Filter）工具来进行端口映射。`pf` 是 macOS 内置的防火墙工具，支持 NAT（网络地址转换）和端口转发。以下是配置端口映射的步骤：

### 1. 编辑 `pf` 配置文件
首先，你需要编辑 `/etc/pf.conf` 文件来配置端口映射规则。

1. 打开终端。
2. 使用 `sudo` 权限编辑 `/etc/pf.conf` 文件：
   ```bash
   sudo nano /etc/pf.conf
   ```

3. 在文件末尾添加端口映射规则。例如，如果你想将外部访问的 `8080` 端口映射到内部 IP 地址 `192.168.1.100` 的 `80` 端口，可以添加如下规则：
   ```bash
   rdr pass on en0 inet proto tcp from any to any port 8080 -> 192.168.1.100 port 80
   ```
   其中：
   - `en0` 是你的网络接口名称（可以通过 `ifconfig` 命令查看）。
   - `8080` 是外部端口。
   - `192.168.1.100` 是内部 IP 地址。
   - `80` 是内部端口。

4. 保存并退出编辑器（在 `nano` 中按 `Ctrl + X`，然后按 `Y` 确认保存）。

### 2. 启用 `pf` 并加载配置
1. 启用 `pf` 服务：
   ```bash
   sudo pfctl -e
   ```

2. 加载新的配置：
   ```bash
   sudo pfctl -f /etc/pf.conf
   ```

### 3. 验证配置
你可以使用以下命令来验证 `pf` 规则是否生效：
```bash
sudo pfctl -s nat
```
这将显示当前的 NAT 规则，确认你的端口映射规则是否正确加载。

### 4. 持久化配置
为了确保每次系统重启后 `pf` 规则仍然生效，你可以将 `pf` 服务设置为开机自启动：
```bash
sudo launchctl load -w /System/Library/LaunchDaemons/com.apple.pfctl.plist
```

### 5. 测试端口映射
你可以从外部设备尝试访问 macOS 的 `8080` 端口，看看是否能够正确映射到内部 IP 的 `80` 端口。

### 注意事项
- 确保你的 macOS 防火墙允许 `8080` 端口的流量通过。
- 如果你使用的是公共网络，可能需要配置路由器的端口转发规则，将外部流量转发到 macOS 的 IP 地址。

通过以上步骤，你就可以在 macOS 上成功配置端口映射了。",1,1,"2025-03-21 15:04:40",2
4,1,帮忙记录一下TodoList，我问有什么没完成的帮忙回答一下，其他条件不用回答,好的，我会帮你记录TodoList。请告诉我你需要记录的任务，或者询问有哪些未完成的任务。,1,1,"2025-03-24 09:51:16",3
5,1,"添加todo:
Weaviate 使用教程
https://zhuanlan.zhihu.com/p/644175980",已添加Todo: Weaviate 使用教程（链接：https://zhuanlan.zhihu.com/p/644175980）。请问还有其他任务需要添加吗？,1,1,"2025-03-24 09:51:58",3
